experience,test_score(out of 10),interview_score(out of 10),salary($)
-0.315871,8,9,50000
0.802482,8,6,45000
5,6,7,60000
2,10,10,65000
7,9,6,70000
3,7,10,62000
10,5.853183,7,72000
11,7,8,80000
0,0,0,0
